{
  "specversion": { "type": "string", "enum": ["1.0"] },
  "type": { "type": "string", "minLength": 1 },
  "source": { "type": "string" },
  "subject": { "type": "string" },
  "id": { "type": "string" },
  "data": {
    "partnerId": { "type": "string", "maxLength": 10 },
    "validFrom": { "type": "string", "format": "date-time" },
    "validTo": { "type": "string", "format": "date-time" },
    "addressNumber": { "type": "string", "maxLength": 10 },
    "businessPartnerType": { "type": "string", "maxLength": 1 },
    "firstName": { "type": "string", "maxLength": 40 },
    "lastName": { "type": "string", "maxLength": 40 },
    "city": { "type": "string", "maxLength": 40 },
    "postalCode": { "type": "string", "maxLength": 10 },
    "street": { "type": "string", "maxLength": 60 },
    "houseNumber": { "type": "string", "maxLength": 10 },
    "country": { "type": "string", "maxLength": 3 }
  }
}