{
  "openapi": "3.0.3",
  "info": {
    "title": "Business Partner Change v3 (Output)",
    "version": "1.0.0"
  },
  "paths": {
    "/bpChange": {
      "post": {
        "summary": "Dummy op to expose request body schema for CPI Mapping",
        "requestBody": {
          "required": true,
          "content": {
            "application/json": {
              "schema": {
                "$ref": "#/components/schemas/OutputEnvelope"
              }
            }
          }
        },
        "responses": {
          "200": {
            "description": "OK",
            "content": {
              "application/json": {
                "schema": {
                  "type": "object"
                }
              }
            }
          }
        }
      }
    }
  },
  "components": {
    "schemas": {
      "OutputBusinessPartner": {
        "type": "object",
        "properties": {
          "partnerId": {
            "type": "string",
            "maxLength": 10
          },
          "validTo": {
            "type": "string",
            "format": "date-time"
          },
          "addressNumber": {
            "type": "string",
            "maxLength": 10
          },
          "validFrom": {
            "type": "string",
            "format": "date-time"
          },
          "businessPartnerType": {
            "type": "string",
            "maxLength": 1
          },
          "firstName": {
            "type": "string",
            "maxLength": 40
          },
          "lastName": {
            "type": "string",
            "maxLength": 40
          },
          "city": {
            "type": "string",
            "maxLength": 40
          },
          "postalCode": {
            "type": "string",
            "maxLength": 10
          },
          "street": {
            "type": "string",
            "maxLength": 60
          },
          "houseNumber": {
            "type": "string",
            "maxLength": 10
          },
          "country": {
            "type": "string",
            "maxLength": 3
          }
        },
        "required": [
          "partnerId",
          "validTo",
          "addressNumber"
        ]
      },
      "OutputCloudEventHeaders": {
        "type": "object",
        "properties": {
          "specversion": {
            "type": "string",
            "enum": [
              "1.0"
            ]
          },
          "type": {
            "enum": [
              "cust.ext.S4.BP.Change.v3"
            ]
          },
          "source": {
            "type": "string"
          },
          "subject": {
            "type": "string"
          },
          "id": {
            "type": "string"
          },
          "time": {
            "type": "string",
            "format": "date-time"
          },
          "datacontenttype": {
            "enum": [
              "application/json"
            ]
          }
        },
        "required": [
          "id",
          "specversion",
          "source",
          "type"
        ],
        "additionalProperties": false
      },
      "OutputEnvelope": {
        "type": "object",
        "additionalProperties": false,
        "properties": {
          "headers": {
            "$ref": "#/components/schemas/OutputCloudEventHeaders"
          },
          "payload": {
            "$ref": "#/components/schemas/OutputBusinessPartner"
          }
        },
        "required": [
          "headers",
          "payload"
        ]
      }
    }
  }
}