{
  "openapi": "3.0.3",
  "info": {
    "title": "Business Partner Change API (for CPI Mapping)",
    "version": "1.0.0"
  },
  "paths": {
    "/bpChange": {
      "post": {
        "summary": "Dummy operation to expose request body schema for CPI Message Mapping",
        "requestBody": {
          "required": true,
          "content": {
            "application/json": {
              "schema": {
                "$ref": "#/components/schemas/BusinessPartnerChangeMessage"
              }
            }
          }
        },
        "responses": {
          "200": {
            "description": "OK",
            "content": {
              "application/json": {
                "schema": {
                  "type": "object"
                }
              }
            }
          }
        }
      }
    }
  },
  "components": {
    "schemas": {
      "BusinessPartner": {
        "type": "object",
        "additionalProperties": false,
        "properties": {
          "partnerId": {
            "type": "string"
          },
          "validTo": {
            "type": "string"
          },
          "addressNumber": {
            "type": "string"
          },
          "validFrom": {
            "type": "string"
          },
          "businessPartnerType": {
            "type": "string"
          },
          "firstName": {
            "type": "string"
          },
          "lastName": {
            "type": "string"
          },
          "city": {
            "type": "string"
          },
          "postalCode": {
            "type": "string"
          },
          "street": {
            "type": "string"
          },
          "houseNumber": {
            "type": "string"
          },
          "country": {
            "type": "string"
          }
        }
      },
      "BusinessPartnerChangeMessage": {
        "type": "object",
        "additionalProperties": false,
        "properties": {
          "businessPartner": {
            "type": "array",
            "items": {
              "$ref": "#/components/schemas/BusinessPartner"
            }
          }
        },
        "required": [
          "businessPartner"
        ]
      }
    }
  }
}