{
  "openapi": "3.0.3",
  "info": {
    "title": "OUTPUT (Top-level businessPartner)",
    "version": "1.0.0"
  },
  "paths": {
    "/bpChange": {
      "post": {
        "summary": "Request body is the 'businessPartner' container",
        "requestBody": {
          "required": true,
          "content": {
            "application/json": {
              "schema": {
                "$ref": "#/components/schemas/businessPartner"
              }
            }
          }
        },
        "responses": {
          "200": {
            "description": "OK"
          }
        }
      }
    }
  },
  "components": {
    "schemas": {
      "BusinessPartner": {
        "type": "object",
        "properties": {
          "partnerId": {
            "type": "string",
            "maxLength": 10
          },
          "validTo": {
            "type": "string",
            "format": "date-time"
          },
          "addressNumber": {
            "type": "string",
            "maxLength": 10
          },
          "validFrom": {
            "type": "string",
            "format": "date-time"
          },
          "businessPartnerType": {
            "type": "string",
            "maxLength": 1
          },
          "firstName": {
            "type": "string",
            "maxLength": 40
          },
          "lastName": {
            "type": "string",
            "maxLength": 40
          },
          "city": {
            "type": "string",
            "maxLength": 40
          },
          "postalCode": {
            "type": "string",
            "maxLength": 10
          },
          "street": {
            "type": "string",
            "maxLength": 60
          },
          "houseNumber": {
            "type": "string",
            "maxLength": 10
          },
          "country": {
            "type": "string",
            "maxLength": 3
          }
        },
        "required": [
          "partnerId",
          "validTo",
          "addressNumber"
        ]
      },
      "businessPartner": {
        "type": "object",
        "additionalProperties": false,
        "properties": {
          "businessPartner": {
            "type": "array",
            "items": {
              "$ref": "#/components/schemas/BusinessPartner"
            }
          }
        },
        "required": [
          "businessPartner"
        ]
      }
    }
  }
}