{
  "openapi": "3.0.0",
  "info": {
    "title": "SAP Sales Order Retry API",
    "version": "1.0.0",
    "description": "API for publishing a rejected SAP sales order"
  },
  "servers": [
    {
      "url": "https://sap.com"
    }
  ],
  "components": {
    "schemas": {
      "SalesOrderRequest": {
        "type": "object",
        "properties": {
          "orderHeader": {
            "type": "array",
            "items": {
              "type": "object",
              "properties": {
                "salesOrderNumber": {
                  "type": "string"
                },
                "creator": {
                  "type": "string"
                },
                "date": {
                  "type": "integer"
                },
                "salesType": {
                  "type": "string"
                },
                "ordertype": {
                  "type": "string"
                },
                "salesOrg": {
                  "type": "string"
                },
                "distributionChannel": {
                  "type": "string"
                },
                "division": {
                  "type": "string"
                },
                "customer": {
                  "type": "array",
                  "items": {
                    "type": "object",
                    "properties": {
                      "customerId": {
                        "type": "string"
                      },
                      "customerName": {
                        "type": "string"
                      },
                      "zipCode": {
                        "type": "string"
                      },
                      "street": {
                        "type": "string"
                      },
                      "phone": {
                        "type": "string"
                      },
                      "country": {
                        "type": "string"
                      },
                      "city": {
                        "type": "string"
                      }
                    },
                    "required": [
                      "customerId",
                      "customerName",
                      "zipCode",
                      "street",
                      "phone",
                      "country",
                      "city"
                    ]
                  }
                },
                "orderItem": {
                  "type": "array",
                  "items": {
                    "type": "object",
                    "properties": {
                      "item": {
                        "type": "string"
                      },
                      "material": {
                        "type": "string"
                      },
                      "materialType": {
                        "type": "string"
                      },
                      "itemType": {
                        "type": "string"
                      },
                      "orderSchedule": {
                        "type": "array",
                        "items": {
                          "type": "object",
                          "properties": {
                            "scheduleNumber": {
                              "type": "string"
                            },
                            "quantity": {
                              "type": "number"
                            },
                            "uom": {
                              "type": "string"
                            }
                          },
                          "required": [
                            "scheduleNumber",
                            "quantity",
                            "uom"
                          ]
                        }
                      }
                    },
                    "required": [
                      "item",
                      "material",
                      "materialType",
                      "itemType",
                      "orderSchedule"
                    ]
                  }
                }
              },
              "required": [
                "salesOrderNumber",
                "creator",
                "date",
                "salesType",
                "ordertype",
                "salesOrg",
                "distributionChannel",
                "division",
                "customer",
                "orderItem"
              ]
            }
          }
        },
        "required": [
          "orderHeader"
        ]
      }
    },
    "securitySchemes": {
      "basicAuth": {
        "type": "http",
        "scheme": "basic"
      }
    }
  },
  "security": [
    {
      "basicAuth": []
    }
  ],
  "paths": {
    "/salesorder/retry/V1": {
      "post": {
        "summary": "Publish a Rejected Sales Order in SAP",
        "description": "Endpoint to publish a rejected sales order in SAP.",
        "security": [
          {
            "basicAuth": []
          }
        ],
        "requestBody": {
          "required": true,
          "content": {
            "application/json": {
              "schema": {
                "$ref": "#/components/schemas/SalesOrderRequest"
              }
            }
          }
        },
        "responses": {
          "200": {
            "description": "Success",
            "content": {
              "application/json": {
                "schema": {
                  "type": "object",
                  "properties": {
                    "message": {
                      "type": "string",
                      "description": "A success message"
                    }
                  }
                }
              }
            }
          },
          "400": {
            "description": "Bad Request",
            "content": {
              "application/json": {
                "schema": {
                  "type": "object",
                  "properties": {
                    "error": {
                      "type": "string",
                      "description": "Error message"
                    }
                  }
                }
              }
            }
          }
        }
      }
    }
  }
}
