{
  "openapi": "3.0.3",
  "info": {
    "title": "BP CreationRequestedMapped (OUTPUT)",
    "version": "1.0.0"
  },
  "paths": {
    "/bpCreationRequestedMapped": {
      "post": {
        "summary": "Dummy operation exposing BPCreationRequestedMapped as request body for CPI mapping",
        "requestBody": {
          "required": true,
          "content": {
            "application/json": {
              "schema": {
                "$ref": "#/components/schemas/BPCreationRequestedMapped"
              }
            }
          }
        },
        "responses": {
          "200": {
            "description": "OK"
          }
        }
      }
    }
  },
  "components": {
    "schemas": {
      "BPCreationRequestedMapped": {
        "type": "object",
        "required": ["specversion", "type", "source", "id", "data"],
        "properties": {
          "specversion": {
            "type": "string",
            "enum": [
              "1.0"
            ]
          },
          "type": {
            "type": "string",
            "minLength": 1
          },
          "source": {
            "type": "string"
          },
          "subject": {
            "type": "string"
          },
          "id": {
            "type": "string"
          },
          "data": {
            "type": "object",
            "properties": {
              "partnerId": {
                "type": "string",
                "maxLength": 10
              },
              "validFrom": {
                "type": "string",
                "format": "date-time"
              },
              "validTo": {
                "type": "string",
                "format": "date-time"
              },
              "addressNumber": {
                "type": "string",
                "maxLength": 10
              },
              "businessPartnerType": {
                "type": "string",
                "maxLength": 1
              },
              "firstName": {
                "type": "string",
                "maxLength": 40
              },
              "lastName": {
                "type": "string",
                "maxLength": 40
              },
              "city": {
                "type": "string",
                "maxLength": 40
              },
              "postalCode": {
                "type": "string",
                "maxLength": 10
              },
              "street": {
                "type": "string",
                "maxLength": 60
              },
              "houseNumber": {
                "type": "string",
                "maxLength": 10
              },
              "country": {
                "type": "string",
                "maxLength": 3
              }
            }
          }
        }
      }
    }
  }
}