{
  "openapi": "3.0.3",
  "info": {
    "title": "Business Partner Change OUTPUT (top-level businessPartner wrapper)",
    "version": "1.0.0"
  },
  "paths": {
    "/bpChange": {
      "post": {
        "summary": "Request body is { businessPartner: { headers, payload } }",
        "requestBody": {
          "required": true,
          "content": {
            "application/json": {
              "schema": {
                "$ref": "#/components/schemas/businessPartner"
              }
            }
          }
        },
        "responses": {
          "200": {
            "description": "OK"
          }
        }
      }
    }
  },
  "components": {
    "schemas": {
      "BusinessPartner": {
        "type": "object",
        "properties": {
          "partnerId": {
            "type": "string",
            "maxLength": 10
          },
          "validTo": {
            "type": "string",
            "format": "date-time"
          },
          "addressNumber": {
            "type": "string",
            "maxLength": 10
          },
          "validFrom": {
            "type": "string",
            "format": "date-time"
          },
          "businessPartnerType": {
            "type": "string",
            "maxLength": 1
          },
          "firstName": {
            "type": "string",
            "maxLength": 40
          },
          "lastName": {
            "type": "string",
            "maxLength": 40
          },
          "city": {
            "type": "string",
            "maxLength": 40
          },
          "postalCode": {
            "type": "string",
            "maxLength": 10
          },
          "street": {
            "type": "string",
            "maxLength": 60
          },
          "houseNumber": {
            "type": "string",
            "maxLength": 10
          },
          "country": {
            "type": "string",
            "maxLength": 3
          }
        },
        "required": [
          "partnerId",
          "validTo",
          "addressNumber"
        ]
      },
      "CloudEventHeaders": {
        "type": "object",
        "properties": {
          "specversion": {
            "type": "string",
            "enum": [
              "1.0"
            ]
          },
          "type": {
            "enum": [
              "cust.ext.S4.BP.Change.v3"
            ]
          },
          "source": {
            "type": "string"
          },
          "subject": {
            "type": "string"
          },
          "id": {
            "type": "string"
          },
          "time": {
            "type": "string",
            "format": "date-time"
          },
          "datacontenttype": {
            "enum": [
              "application/json"
            ]
          }
        },
        "required": [
          "id",
          "specversion",
          "source",
          "type"
        ],
        "additionalProperties": false
      },
      "BusinessPartnerEnvelope": {
        "type": "object",
        "additionalProperties": false,
        "properties": {
          "headers": {
            "type": "object",
            "properties": {
              "specversion": {
                "type": "string",
                "enum": [
                  "1.0"
                ]
              },
              "type": {
                "enum": [
                  "cust.ext.S4.BP.Change.v3"
                ]
              },
              "source": {
                "type": "string"
              },
              "subject": {
                "type": "string"
              },
              "id": {
                "type": "string"
              },
              "time": {
                "type": "string",
                "format": "date-time"
              },
              "datacontenttype": {
                "enum": [
                  "application/json"
                ]
              }
            },
            "required": [
              "id",
              "specversion",
              "source",
              "type"
            ],
            "additionalProperties": false
          },
          "payload": {
            "type": "object",
            "properties": {
              "partnerId": {
                "type": "string",
                "maxLength": 10
              },
              "validTo": {
                "type": "string",
                "format": "date-time"
              },
              "addressNumber": {
                "type": "string",
                "maxLength": 10
              },
              "validFrom": {
                "type": "string",
                "format": "date-time"
              },
              "businessPartnerType": {
                "type": "string",
                "maxLength": 1
              },
              "firstName": {
                "type": "string",
                "maxLength": 40
              },
              "lastName": {
                "type": "string",
                "maxLength": 40
              },
              "city": {
                "type": "string",
                "maxLength": 40
              },
              "postalCode": {
                "type": "string",
                "maxLength": 10
              },
              "street": {
                "type": "string",
                "maxLength": 60
              },
              "houseNumber": {
                "type": "string",
                "maxLength": 10
              },
              "country": {
                "type": "string",
                "maxLength": 3
              }
            },
            "required": [
              "partnerId",
              "validTo",
              "addressNumber"
            ]
          }
        },
        "required": [
          "headers",
          "payload"
        ]
      },
      "businessPartner": {
        "type": "object",
        "additionalProperties": false,
        "properties": {
          "businessPartner": {
            "$ref": "#/components/schemas/BusinessPartnerEnvelope"
          }
        },
        "required": [
          "businessPartner"
        ]
      }
    }
  }
}