{
  "openapi": "3.0.0",
  "info": {
    "version": "1.0.0",
    "title": "Create Resource API"
  },
  "paths": {
    "/resource": {
      "post": {
        "summary": "Create a resource",
        "responses": {
          "201": {
            "description": "Resource created successfully",
            "content": {
              "application/json": {
                "schema": {
                  "type": "object",
                  "properties": {
                    "orderHeader": {
                      "type": "array",
                      "items": {
                        "type": "object",
                        "properties": {
                          "salesOrderNumber": {
                            "type": "string",
                            "example": "SO1005"
                          },
                          "creator": {
                            "type": "string",
                            "example": "Mary Johnson"
                          },
                          "date": {
                            "type": "string",
                            "format": "date",
                            "example": "2023-08-08"
                          },
                          "salesType": {
                            "type": "string",
                            "example": "Phone"
                          },
                          "ordertype": {
                            "type": "string",
                            "example": "Rush"
                          },
                          "salesOrg": {
                            "type": "string",
                            "example": "SA03"
                          },
                          "distributionChannel": {
                            "type": "string",
                            "example": "DC02"
                          },
                          "division": {
                            "type": "string",
                            "example": "DV03"
                          },
                          "netvalue": {
                            "type": "number",
                            "example": 8798.18
                          },
                          "currency": {
                            "type": "string",
                            "example": "EUR"
                          },
                          "customer": {
                            "type": "array",
                            "items": {
                              "type": "object",
                              "properties": {
                                "customerId": {
                                  "type": "string",
                                  "example": "CUST005"
                                },
                                "customerName": {
                                  "type": "string",
                                  "example": "456 Ltd"
                                },
                                "zipCode": {
                                  "type": "string",
                                  "example": "98765"
                                },
                                "street": {
                                  "type": "string",
                                  "example": "Fourth Street"
                                },
                                "phone": {
                                  "type": "string",
                                  "example": "555-444-3333"
                                },
                                "country": {
                                  "type": "string",
                                  "example": "USA"
                                },
                                "city": {
                                  "type": "string",
                                  "example": "Seattle"
                                },
                                "emailAddress": {
                                  "type": "array",
                                  "items": {
                                    "type": "object",
                                    "properties": {
                                      "email": {
                                        "type": "string",
                                        "format": "email",
                                        "example": "Mary.Johnson@456ltd.com"
                                      }
                                    }
                                  }
                                }
                              }
                            }
                          },
                          "orderItem": {
                            "type": "array",
                            "items": {
                              "type": "object",
                              "properties": {
                                "item": {
                                  "type": "string",
                                  "example": "ITEM007"
                                },
                                "material": {
                                  "type": "string",
                                  "example": "MAT007"
                                },
                                "materialType": {
                                  "type": "string",
                                  "example": "Product"
                                },
                                "itemType": {
                                  "type": "string",
                                  "example": "Standard"
                                },
                                "itemDescription": {
                                  "type": "string",
                                  "nullable": true
                                },
                                "orderSchedule": {
                                  "type": "array",
                                  "items": {
                                    "type": "object",
                                    "properties": {
                                      "scheduleNumber": {
                                        "type": "string",
                                        "example": "SCH007"
                                      },
                                      "quantity": {
                                        "type": "integer",
                                        "example": 50
                                      },
                                      "uom": {
                                        "type": "string",
                                        "example": "EA"
                                      }
                                    }
                                  }
                                }
                              }
                            }
                          }
                        }
                      }
                    }
                  }
                }
              }
            }
          }
        }
      }
    }
  }
}
