{
	"openapi": "3.0.0",
	"info": {
		"version": "1.0.0",
		"title": "BPA Map API"
	},
	"paths": {
		"/bpamap": {
			"post": {
				"summary": "BPA Mapping Operation",
				"requestBody": {
					"required": true,
					"content": {
						"application/json": {
							"schema": {
								"$ref": "#/components/schemas/RequestPayload"
							}
						}
					}
				},
				"responses": {
					"200": {
						"description": "BPA Mapping Successful",
						"content": {
							"application/json": {
								"schema": {
									"$ref": "#/components/schemas/ResponsePayload"
								}
							}
						}
					}
				}
			}
		}
	},
	"components": {
		"schemas": {
			"RequestPayload": {
				"type": "object",
				"properties": {
					"definitionId": {
						"type": "string"
					},
					"context": {
						"type": "object",
						"properties": {
							"orderHeader": {
								"type": "array",
								"items": {
									"$ref": "#/components/schemas/OrderHeader"
								}
							}
						},
						"required": [
							"definitionId",
							"orderHeader"
						]
					}
				}
			},
			"OrderHeader": {
				"type": "object",
				"properties": {
					"salesOrderNumber": {
						"type": "string"
					},
					"creator": {
						"type": "string"
					},
					"date": {
						"type": "string",
						"format": "date"
					},
					"salesType": {
						"type": "string"
					},
					"ordertype": {
						"type": "string"
					},
					"salesOrg": {
						"type": "string"
					},
					"distributionChannel": {
						"type": "string"
					},
					"division": {
						"type": "string"
					},
					"netvalue": {
						"type": "number"
					},
					"currency": {
						"type": "string"
					},
					"customer": {
						"type": "array",
						"items": {
							"$ref": "#/components/schemas/Customer"
						}
					},
					"orderItem": {
						"type": "array",
						"items": {
							"$ref": "#/components/schemas/OrderItem"
						}
					}
				}
			},
			"Customer": {
				"type": "object",
				"properties": {
					"customerId": {
						"type": "string"
					},
					"customerName": {
						"type": "string"
					},
					"zipCode": {
						"type": "string"
					},
					"street": {
						"type": "string"
					},
					"phone": {
						"type": "string"
					},
					"country": {
						"type": "string"
					},
					"city": {
						"type": "string"
					},
					"emailAddress": {
						"type": "array",
						"items": {
							"$ref": "#/components/schemas/EmailAddress"
						}
					}
				}
			},
			"EmailAddress": {
				"type": "object",
				"properties": {
					"email": {
						"type": "string",
						"format": "email"
					}
				}
			},
			"OrderItem": {
				"type": "object",
				"properties": {
					"item": {
						"type": "string"
					},
					"material": {
						"type": "string"
					},
					"materialType": {
						"type": "string"
					},
					"itemType": {
						"type": "string"
					},
					"itemDescription": {
						"type": "string",
						"nullable": true
					},
					"orderSchedule": {
						"type": "array",
						"items": {
							"$ref": "#/components/schemas/OrderSchedule"
						}
					}
				}
			},
			"OrderSchedule": {
				"type": "object",
				"properties": {
					"scheduleNumber": {
						"type": "string"
					},
					"quantity": {
						"type": "integer"
					},
					"uom": {
						"type": "string"
					}
				}
			},
			"ResponsePayload": {
				"type": "object",
				"properties": {
					"definitionId": {
						"type": "string"
					},
					"context": {
						"type": "object",
						"properties": {
							"orderHeader": {
								"type": "array",
								"items": {
									"$ref": "#/components/schemas/OrderHeader"
								}
							}
						},
						"required": [
							"definitionId",
							"orderHeader"
						]
					}
				}
			}
		}
	}
}