{
  "openapi": "3.0.1",
  "info": {
    "title": "Business Partner API",
    "version": "1.0.0"
  },
  "paths": {
    "/erpcreate": {
      "post": {
        "summary": "Create Business Partner in ERP",
        "operationId": "erpcreate",
        "requestBody": {
          "required": true,
          "content": {
            "application/json": {
              "schema": {
                "$ref": "#/components/schemas/BusinessPartner"
              }
            }
          }
        },
        "responses": {
          "201": {
            "description": "Business Partner created successfully"
          },
          "400": {
            "description": "Invalid input"
          }
        }
      }
    }
  },
  "components": {
    "schemas": {
      "BusinessPartner": {
        "type": "object",
        "properties": {
          "partnerId": {
            "type": "string",
            "maxLength": 10
          },
          "validFrom": {
            "type": "string",
            "format": "date-time"
          },
          "validTo": {
            "type": "string",
            "format": "date-time"
          },
          "addressNumber": {
            "type": "string",
            "maxLength": 10
          },
          "businessPartnerType": {
            "type": "string",
            "maxLength": 1
          },
          "firstName": {
            "type": "string",
            "maxLength": 40
          },
          "lastName": {
            "type": "string",
            "maxLength": 40
          },
          "city": {
            "type": "string",
            "maxLength": 40
          },
          "postalCode": {
            "type": "string",
            "maxLength": 10
          },
          "street": {
            "type": "string",
            "maxLength": 60
          },
          "houseNumber": {
            "type": "string",
            "maxLength": 10
          },
          "country": {
            "type": "string",
            "maxLength": 3
          }
        },
        "required": [
          "partnerId",
          "validFrom",
          "validTo",
          "addressNumber",
          "businessPartnerType",
          "firstName",
          "lastName",
          "city",
          "postalCode",
          "street",
          "houseNumber",
          "country"
        ]
      }
    }
  }
}
