{
    "_version": "1.42.0",
    "sap.app": {
        "type": "card",
        "id": "demo.solace.cards.listCardnotification"
    },
    "sap.card": {
        "type": "Object",
        "header": {
            "title": "Notification Details",
			"icon": {
				"src": "sap-icon://product"
			}
        },
        "content": {
			"data": {
				"path": "notificationData>/"
			},
			"groups": [
				{
					"items": [
						{
							"label": "Notification Type",
							"value": "{notificationData>NotifType}"
						},
						{
							"label": "Notification Number",
							"value": "{notificationData>NotifNumber}"
						},
						{
							"label": "Functional Location",
							"value": "{notificationData>FunctLocat}"
						},
						{
							"label": "Notification Category",
							"value": "{notificationData>NotifCategory}"
						}
					]
				},
				{
					"items": [
						{
							"label": "Priority",
							"value": "{notificationData>Priority}"
						},
						{
							"label": "Problem Description",
							"value": "{notificationData>ProblemDesc}"
						},
						{
							"label": "Contact Person",
							"value": "{notificationData>ContactPerson}"
						}
					]
				}
			]
		}
    }
}